[
  {
	"title": "Key Billing Metrics",
    "metrics": [
      {
        "label": "Total Unique Patients",
        "type": "patients",
        "value": 1183
      },
      {
        "label": "Total Unique Accounts",
        "type": "accounts",
        "value": 1742
      },
      {
        "label": "Total Unique Processed",
        "type": "processed",
        "value": 25755
      },
      {
        "label": "Total Unique Patientsss",
        "type": "patientssss",
        "value": 1183
      }
    ]
  },
  {
    "metrics": [
      {
        "label": "Bills \u2265 30 Days (Posted)",
        "type": "posted",
        "value": 8722
      },
      {
        "label": "Bills \u2265 30 Days (Reversed)",
        "type": "reversed",
        "value": 1506
      },
      {
        "label": "Billssss \u2265 30 Days (Reversed)",
        "type": "reversedss",
        "value": 1506
      }
    ],
    "title": "Duration Based Billing Summary"
  }
]


