[
{
    "count": 7068,
    "percent": 27.45,
    "reason": "Contractual / Fee Schedule Limit"
  },
  {
    "count": 5845,
    "percent": 22.7,
    "reason": "Other: No suitable delay category could be determined from the provided transaction details."
  },
  {
    "count": 3804,
    "percent": 14.77,
    "reason": "Payment Processing Delays (Adjustments / Regulatory)"
  },
  {
    "count": 2634,
    "percent": 10.23,
    "reason": "Reprocessing / Reversals / Pending Adjustments"
  },
  {
    "count": 1489,
    "percent": 5.78,
    "reason": "Non-covered Charges"
  }
]