[
  {
    "insurance": "MCD",
    "percent": 18.2,
    "delayReasons": [
      { "status": "Claim denied due to billing error", "totalBills": 210 },
      { "status": "Payer adjustment due fee limits", "totalBills": 42 },
      { "status": "Claim reversed and reprocessed", "totalBills": 23 },
      { "status": "Claim adjustment", "totalBills": 25 },
      { "status": "Claim denied due to coordination", "totalBills": 22 }
    ]
  },
  {
    "insurance": "FIDEL",
    "percent": 14.5,
    "delayReasons": [
      { "status": "Claim denied due to billing error", "totalBills": 120 },
      { "status": "Payer adjustment due fee limits", "totalBills": 35 },
      { "status": "Claim reversed and reprocessed", "totalBills": 18 },
      { "status": "Claim adjustment", "totalBills": 20 },
      { "status": "Claim denied due to coordination", "totalBills": 15 }
    ]
  },
  {
    "insurance": "AETNA",
    "percent": 12.1,
    "delayReasons": [
      { "status": "Claim denied due to billing error", "totalBills": 98 },
      { "status": "Payer adjustment due fee limits", "totalBills": 28 },
      { "status": "Claim reversed and reprocessed", "totalBills": 15 },
      { "status": "Claim adjustment", "totalBills": 17 },
      { "status": "Claim denied due to coordination", "totalBills": 12 }
    ]
  },
  {
    "insurance": "UHC",
    "percent": 10.8,
    "delayReasons": [
      { "status": "Claim denied due to billing error", "totalBills": 150 },
      { "status": "Payer adjustment due fee limits", "totalBills": 40 },
      { "status": "Claim reversed and reprocessed", "totalBills": 20 },
      { "status": "Claim adjustment", "totalBills": 22 },
      { "status": "Claim denied due to coordination", "totalBills": 18 }
    ]
  },
  {
    "insurance": "NYMIF",
    "percent": 9.7,
    "delayReasons": [
      { "status": "Claim denied due to billing error", "totalBills": 60 },
      { "status": "Payer adjustment due fee limits", "totalBills": 22 },
      { "status": "Claim reversed and reprocessed", "totalBills": 10 },
      { "status": "Claim adjustment", "totalBills": 12 },
      { "status": "Claim denied due to coordination", "totalBills": 8 }
    ]
  },
  {
    "insurance": "BENEXHAUST",
    "percent": 8.3,
    "delayReasons": [
      { "status": "Claim denied due to billing error", "totalBills": 80 },
      { "status": "Payer adjustment due fee limits", "totalBills": 18 },
      { "status": "Claim reversed and reprocessed", "totalBills": 9 },
      { "status": "Claim adjustment", "totalBills": 10 },
      { "status": "Claim denied due to coordination", "totalBills": 7 }
    ]
  },
  {
    "insurance": "EMPBCON",
    "percent": 7.2,
    "delayReasons": [
      { "status": "Claim denied due to billing error", "totalBills": 110 },
      { "status": "Payer adjustment due fee limits", "totalBills": 25 },
      { "status": "Claim reversed and reprocessed", "totalBills": 12 },
      { "status": "Claim adjustment", "totalBills": 13 },
      { "status": "Claim denied due to coordination", "totalBills": 9 }
    ]
  },
  {
    "insurance": "EMPBCNYC",
    "percent": 6.1,
    "delayReasons": [
      { "status": "Claim denied due to billing error", "totalBills": 70 },
      { "status": "Payer adjustment due fee limits", "totalBills": 15 },
      { "status": "Claim reversed and reprocessed", "totalBills": 7 },
      { "status": "Claim adjustment", "totalBills": 8 },
      { "status": "Claim denied due to coordination", "totalBills": 6 }
    ]
  },
  {
    "insurance": "HFPHSP",
    "percent": 5.6,
    "delayReasons": [
      { "status": "Claim denied due to billing error", "totalBills": 130 },
      { "status": "Payer adjustment due fee limits", "totalBills": 30 },
      { "status": "Claim reversed and reprocessed", "totalBills": 14 },
      { "status": "Claim adjustment", "totalBills": 15 },
      { "status": "Claim denied due to coordination", "totalBills": 11 }
    ]
  },
  {
    "insurance": "MCD2",
    "percent": 4.5,
    "delayReasons": [
      { "status": "Claim denied due to billing error", "totalBills": 140 },
      { "status": "Payer adjustment due fee limits", "totalBills": 20 },
      { "status": "Claim reversed and reprocessed", "totalBills": 8 },
      { "status": "Claim adjustment", "totalBills": 9 },
      { "status": "Claim denied due to coordination", "totalBills": 5 }
    ]
  }
] 