[
  {
    "insurance": "MCD",
    "status": "Posted",
    "totalBills": 351,
    "finalSum": 24567.89,
    "denials": 57919.39,
    "overPaidAdvance": -33224.5,
    "outstanding": 91152,
    "percent": 41.8,
    "days": 12
  },
  {
    "insurance": "FIDEL",
    "status": "Reversed",
    "totalBills": 120,
    "finalSum": 10500.00,
    "denials": 12000.00,
    "overPaidAdvance": 0,
    "outstanding": 5000,
    "percent": 7.54,
    "days": 25
  },
  {
    "insurance": "MCD2",
    "status": "Posted",
    "totalBills": 98,
    "finalSum": 8000.00,
    "denials": 9000.00,
    "overPaidAdvance": 0,
    "outstanding": 2000,
    "percent": 6.8,
    "days": 45
  },
  {
    "insurance": "HFPHSP",
    "status": "Posted",
    "totalBills": 150,
    "finalSum": 12000.00,
    "denials": 11000.00,
    "overPaidAdvance": 0,
    "outstanding": 3000,
    "percent": 10.1,
    "days": 18
  },
  {
    "insurance": "BENEXHAUST",
    "status": "Reversed",
    "totalBills": 60,
    "finalSum": 5000.00,
    "denials": 6000.00,
    "overPaidAdvance": 0,
    "outstanding": 1000,
    "percent": 7.25,
    "days": 32
  },
  {
    "insurance": "EMPBCON",
    "status": "Posted",
    "totalBills": 80,
    "finalSum": 7000.00,
    "denials": 8000.00,
    "overPaidAdvance": 0,
    "outstanding": 1500,
    "percent": 8.64,
    "days": 29
  },
  {
    "insurance": "AETNA",
    "status": "Posted",
    "totalBills": 110,
    "finalSum": 9000.00,
    "denials": 9500.00,
    "overPaidAdvance": 0,
    "outstanding": 2500,
    "percent": 6.8,
    "days": 31
  },
  {
    "insurance": "EMPBCNYC",
    "status": "Reversed",
    "totalBills": 70,
    "finalSum": 6000.00,
    "denials": 7000.00,
    "overPaidAdvance": 0,
    "outstanding": 1200,
    "percent": 7.8,
    "days": 27
  },
  {
    "insurance": "UHC",
    "status": "Posted",
    "totalBills": 130,
    "finalSum": 11000.00,
    "denials": 11500.00,
    "overPaidAdvance": 0,
    "outstanding": 3500,
    "percent": 7.9,
    "days": 38
  },
  {
    "insurance": "NYMIF",
    "status": "Posted",
    "totalBills": 140,
    "finalSum": 12000.00,
    "denials": 12500.00,
    "overPaidAdvance": 0,
    "outstanding": 4000,
    "percent": 41.8,
    "days": 55
  }
] 