{
  "hash": "511567fe",
  "configHash": "a9575d8b",
  "lockfileHash": "24a90d8c",
  "browserHash": "390c70db",
  "optimized": {
    "axios": {
      "src": "../../node_modules/axios/index.js",
      "file": "axios.js",
      "fileHash": "3d7bdad6",
      "needsInterop": false
    },
    "bootstrap/dist/js/bootstrap.bundle.min.js": {
      "src": "../../node_modules/bootstrap/dist/js/bootstrap.bundle.min.js",
      "file": "bootstrap_dist_js_bootstrap__bundle__min__js.js",
      "fileHash": "2b631337",
      "needsInterop": true
    },
    "marked": {
      "src": "../../node_modules/marked/lib/marked.esm.js",
      "file": "marked.js",
      "fileHash": "136c8b3f",
      "needsInterop": false
    },
    "primereact/column": {
      "src": "../../node_modules/primereact/column/column.esm.js",
      "file": "primereact_column.js",
      "fileHash": "a70dd27c",
      "needsInterop": false
    },
    "primereact/datatable": {
      "src": "../../node_modules/primereact/datatable/datatable.esm.js",
      "file": "primereact_datatable.js",
      "fileHash": "a7edd00d",
      "needsInterop": false
    },
    "react": {
      "src": "../../node_modules/react/index.js",
      "file": "react.js",
      "fileHash": "b81ebaed",
      "needsInterop": true
    },
    "react-dom": {
      "src": "../../node_modules/react-dom/index.js",
      "file": "react-dom.js",
      "fileHash": "77a3ad38",
      "needsInterop": true
    },
    "react-dom/client": {
      "src": "../../node_modules/react-dom/client.js",
      "file": "react-dom_client.js",
      "fileHash": "0657be2c",
      "needsInterop": true
    },
    "react-icons/fa": {
      "src": "../../node_modules/react-icons/fa/index.mjs",
      "file": "react-icons_fa.js",
      "fileHash": "c2a67add",
      "needsInterop": false
    },
    "react-icons/fi": {
      "src": "../../node_modules/react-icons/fi/index.mjs",
      "file": "react-icons_fi.js",
      "fileHash": "3a4faf02",
      "needsInterop": false
    },
    "react-icons/gi": {
      "src": "../../node_modules/react-icons/gi/index.mjs",
      "file": "react-icons_gi.js",
      "fileHash": "b1180b00",
      "needsInterop": false
    },
    "react-icons/io": {
      "src": "../../node_modules/react-icons/io/index.mjs",
      "file": "react-icons_io.js",
      "fileHash": "6cf1f428",
      "needsInterop": false
    },
    "react-router-dom": {
      "src": "../../node_modules/react-router-dom/dist/index.mjs",
      "file": "react-router-dom.js",
      "fileHash": "014f7651",
      "needsInterop": false
    }
  },
  "chunks": {
    "chunk-FN5HH2GR": {
      "file": "chunk-FN5HH2GR.js"
    },
    "chunk-U5G3TOY2": {
      "file": "chunk-U5G3TOY2.js"
    },
    "chunk-6GAV2S6I": {
      "file": "chunk-6GAV2S6I.js"
    },
    "chunk-DC5AMYBS": {
      "file": "chunk-DC5AMYBS.js"
    }
  }
}